time	thread	event	node	message	data
11:07:55.915986	7578204	Start	Source	1	0
11:07:55.917128	7578204	Stop	Source	1	0
11:07:55.917195	7578204	Start	Calibration[C]	1	1
11:07:55.917241	7578212	Start	Histogramming	1	0
11:07:55.917282	7578214	Start	Calibration[B]	1	13
11:07:55.917231	7578208	Start	Source	2	0
11:07:55.917372	7578208	Stop	Source	2	0
11:07:55.917364	7578206	Start	Propagating	1	0
11:07:55.917424	7578213	Start	Propagating	2	0
11:07:55.917406	7578208	Start	Source	3	0
11:07:55.917503	7578208	Stop	Source	3	0
11:07:55.917556	7578208	Start	Source	4	0
11:07:55.917587	7578208	Stop	Source	4	0
11:07:55.917600	7578207	Start	Propagating	3	0
11:07:55.917611	7578208	Start	Source	5	0
11:07:55.917651	7578210	Start	Propagating	4	0
11:07:55.917657	7578208	Stop	Source	5	0
11:07:55.917332	7578211	Start	Generating	1	0
11:07:55.917741	7578208	Start	Source	6	0
11:07:55.917765	7578208	Stop	Source	6	0
11:07:55.917772	7578208	Start	Source	7	0
11:07:55.917777	7578208	Stop	Source	7	0
11:07:55.917782	7578208	Start	Source	8	0
11:07:55.917787	7578208	Stop	Source	8	0
11:07:55.917793	7578208	Start	Source	9	0
11:07:55.917798	7578208	Stop	Source	9	0
11:07:55.917803	7578208	Start	Source	10	0
11:07:55.917808	7578208	Stop	Source	10	0
11:07:55.917828	7578208	Start	Source	11	0
11:07:55.917833	7578208	Stop	Source	11	0
11:07:55.917846	7578208	Start	Source	12	0
11:07:55.917875	7578208	Stop	Source	12	0
11:07:55.917835	7578209	Start	Propagating	10	0
11:07:55.917886	7578208	Start	Source	13	0
11:07:55.917920	7578208	Stop	Source	13	0
11:07:55.917930	7578208	Start	Source	14	0
11:07:55.917940	7578208	Stop	Source	14	0
11:07:55.917946	7578208	Start	Source	15	0
11:07:55.917956	7578208	Stop	Source	15	0
11:07:55.917961	7578208	Start	Source	16	0
11:07:55.917967	7578208	Stop	Source	16	0
11:07:55.917887	7578215	Start	Propagating	6	0
11:07:55.917859	7578205	Start	Propagating	5	0
11:07:55.917972	7578208	Start	Source	17	0
11:07:55.922861	7578208	Stop	Source	17	0
11:07:55.922872	7578208	Start	Source	18	0
11:07:55.922876	7578208	Stop	Source	18	0
11:07:55.922882	7578208	Start	Source	19	0
11:07:55.922887	7578208	Stop	Source	19	0
11:07:55.922891	7578208	Start	Source	20	0
11:07:55.922896	7578208	Stop	Source	20	0
11:07:55.922901	7578208	Start	Source	21	0
11:07:55.922905	7578208	Stop	Source	21	0
11:07:55.922910	7578208	Start	Source	22	0
11:07:55.922914	7578208	Stop	Source	22	0
11:07:55.922919	7578208	Start	Source	23	0
11:07:55.922923	7578208	Stop	Source	23	0
11:07:55.922928	7578208	Start	Source	24	0
11:07:55.922932	7578208	Stop	Source	24	0
11:07:55.922937	7578208	Start	Source	25	0
11:07:55.922941	7578208	Stop	Source	25	0
11:07:55.922946	7578208	Start	Source	26	0
11:07:55.922950	7578208	Stop	Source	26	0
11:07:55.922955	7578208	Start	Source	27	0
11:07:55.922959	7578208	Stop	Source	27	0
11:07:55.922964	7578208	Start	Source	28	0
11:07:55.922969	7578208	Stop	Source	28	0
11:07:55.922973	7578208	Start	Source	29	0
11:07:55.922978	7578208	Stop	Source	29	0
11:07:55.922982	7578208	Start	Source	30	0
11:07:55.922987	7578208	Stop	Source	30	0
11:07:55.922991	7578208	Start	Source	31	0
11:07:55.922996	7578208	Stop	Source	31	0
11:07:55.923000	7578208	Start	Source	32	0
11:07:55.923005	7578208	Stop	Source	32	0
11:07:55.923009	7578208	Start	Source	33	0
11:07:55.923014	7578208	Stop	Source	33	0
11:07:55.923019	7578208	Start	Source	34	0
11:07:55.923024	7578208	Stop	Source	34	0
11:07:55.923029	7578208	Start	Source	35	0
11:07:55.923033	7578208	Stop	Source	35	0
11:07:55.923038	7578208	Start	Source	36	0
11:07:55.923042	7578208	Stop	Source	36	0
11:07:55.923047	7578208	Start	Source	37	0
11:07:55.923051	7578208	Stop	Source	37	0
11:07:55.923056	7578208	Start	Source	38	0
11:07:55.923060	7578208	Stop	Source	38	0
11:07:55.923065	7578208	Start	Source	39	0
11:07:55.923069	7578208	Stop	Source	39	0
11:07:55.923074	7578208	Start	Source	40	0
11:07:55.923078	7578208	Stop	Source	40	0
11:07:55.923083	7578208	Start	Source	41	0
11:07:55.923087	7578208	Stop	Source	41	0
11:07:55.923092	7578208	Start	Source	42	0
11:07:55.923096	7578208	Stop	Source	42	0
11:07:55.923101	7578208	Start	Source	43	0
11:07:55.923105	7578208	Stop	Source	43	0
11:07:55.923124	7578208	Start	Source	44	0
11:07:55.923127	7578208	Stop	Source	44	0
11:07:55.923131	7578208	Start	Source	45	0
11:07:55.923134	7578208	Stop	Source	45	0
11:07:55.923137	7578208	Start	Source	46	0
11:07:55.923140	7578208	Stop	Source	46	0
11:07:55.923143	7578208	Start	Source	47	0
11:07:55.923146	7578208	Stop	Source	47	0
11:07:55.923149	7578208	Start	Source	48	0
11:07:55.923152	7578208	Stop	Source	48	0
11:07:55.923155	7578208	Start	Source	49	0
11:07:55.923158	7578208	Stop	Source	49	0
11:07:55.923161	7578208	Start	Source	50	0
11:07:55.923164	7578208	Stop	Source	50	0
11:07:55.923177	7578208	Start	Propagating	50	0
11:07:55.927230	7578204	Stop	Calibration[C]	1	1
11:07:55.927250	7578204	Start	Calibration[C]	2	1
11:07:55.927278	7578212	Stop	Histogramming	1	0
11:07:55.927311	7578212	Start	Histogramming	2	0
11:07:55.927313	7578214	Stop	Calibration[B]	1	13
11:07:55.927413	7578214	Start	Propagating	7	0
11:07:55.927750	7578211	Stop	Generating	1	0
11:07:55.927780	7578211	Start	Generating	2	0
11:07:55.937254	7578204	Stop	Calibration[C]	2	1
11:07:55.937276	7578204	Start	Calibration[C]	3	13
11:07:55.937320	7578212	Stop	Histogramming	2	0
11:07:55.937334	7578212	Start	Histogramming	3	0
11:07:55.939980	7578211	Stop	Generating	2	0
11:07:55.940045	7578211	Start	Generating	3	0
11:07:55.947282	7578204	Stop	Calibration[C]	3	13
11:07:55.947333	7578204	Start	Calibration[C]	4	1
11:07:55.947338	7578212	Stop	Histogramming	3	0
11:07:55.947502	7578212	Start	Histogramming	4	0
11:07:55.950054	7578211	Stop	Generating	3	0
11:07:55.950070	7578211	Start	Generating	4	0
11:07:55.957348	7578204	Stop	Calibration[C]	4	1
11:07:55.957362	7578204	Start	Calibration[C]	5	13
11:07:55.957514	7578212	Stop	Histogramming	4	0
11:07:55.957528	7578212	Start	Histogramming	5	0
11:07:55.960074	7578211	Stop	Generating	4	0
11:07:55.960084	7578211	Start	Generating	5	0
11:07:55.967365	7578204	Stop	Calibration[C]	5	13
11:07:55.967376	7578204	Start	Calibration[C]	6	1
11:07:55.967532	7578212	Stop	Histogramming	5	0
11:07:55.967541	7578212	Start	Histogramming	6	0
11:07:55.970090	7578211	Stop	Generating	5	0
11:07:55.970177	7578211	Start	Generating	6	0
11:07:55.977544	7578212	Stop	Histogramming	6	0
11:07:55.977553	7578212	Start	Histogramming	7	0
11:07:55.978436	7578204	Stop	Calibration[C]	6	1
11:07:55.978507	7578204	Start	Calibration[C]	7	13
11:07:55.980189	7578211	Stop	Generating	6	0
11:07:55.980224	7578211	Start	Generating	7	0
11:07:55.987556	7578212	Stop	Histogramming	7	0
11:07:55.987564	7578212	Start	Histogramming	8	0
11:07:55.988520	7578204	Stop	Calibration[C]	7	13
11:07:55.988543	7578204	Start	Calibration[C]	8	1
11:07:55.990233	7578211	Stop	Generating	7	0
11:07:55.990312	7578211	Start	Generating	8	0
11:07:55.997567	7578212	Stop	Histogramming	8	0
11:07:55.997589	7578212	Start	Histogramming	9	0
11:07:55.998546	7578204	Stop	Calibration[C]	8	1
11:07:55.998559	7578204	Start	Calibration[C]	9	13
11:07:56.000321	7578211	Stop	Generating	8	0
11:07:56.000330	7578211	Start	Generating	9	0
11:07:56.007592	7578212	Stop	Histogramming	9	0
11:07:56.007613	7578212	Start	Histogramming	10	0
11:07:56.008561	7578204	Stop	Calibration[C]	9	13
11:07:56.008570	7578204	Start	Calibration[C]	10	1
11:07:56.010335	7578211	Stop	Generating	9	0
11:07:56.010400	7578211	Start	Generating	10	0
11:07:56.017618	7578212	Stop	Histogramming	10	0
11:07:56.017671	7578212	Start	Histogramming	11	0
11:07:56.018572	7578204	Stop	Calibration[C]	10	1
11:07:56.018587	7578204	Start	Calibration[C]	11	13
11:07:56.020409	7578211	Stop	Generating	10	0
11:07:56.020423	7578211	Start	Generating	11	0
11:07:56.027679	7578212	Stop	Histogramming	11	0
11:07:56.027689	7578212	Start	Histogramming	12	0
11:07:56.028592	7578204	Stop	Calibration[C]	11	13
11:07:56.028654	7578204	Start	Calibration[C]	12	1
11:07:56.030674	7578211	Stop	Generating	11	0
11:07:56.030704	7578211	Start	Generating	12	0
11:07:56.037691	7578212	Stop	Histogramming	12	0
11:07:56.037698	7578212	Start	Histogramming	13	0
11:07:56.038661	7578204	Stop	Calibration[C]	12	1
11:07:56.038667	7578204	Start	Calibration[C]	13	13
11:07:56.040710	7578211	Stop	Generating	12	0
11:07:56.040715	7578211	Start	Generating	13	0
11:07:56.047701	7578212	Stop	Histogramming	13	0
11:07:56.047705	7578212	Start	Histogramming	14	0
11:07:56.048669	7578204	Stop	Calibration[C]	13	13
11:07:56.048672	7578204	Start	Calibration[C]	14	1
11:07:56.050725	7578211	Stop	Generating	13	0
11:07:56.050747	7578211	Start	Generating	14	0
11:07:56.057707	7578212	Stop	Histogramming	14	0
11:07:56.057715	7578212	Start	Histogramming	15	0
11:07:56.058674	7578204	Stop	Calibration[C]	14	1
11:07:56.058678	7578204	Start	Calibration[C]	15	13
11:07:56.061117	7578211	Stop	Generating	14	0
11:07:56.061181	7578211	Start	Generating	15	0
11:07:56.067420	7578206	Stop	Propagating	1	0
11:07:56.067449	7578213	Stop	Propagating	2	0
11:07:56.067462	7578206	Start	Propagating	8	0
11:07:56.067465	7578213	Start	Propagating	9	0
11:07:56.067624	7578207	Stop	Propagating	3	0
11:07:56.067640	7578207	Start	Propagating	11	0
11:07:56.067679	7578210	Stop	Propagating	4	0
11:07:56.067692	7578210	Start	Propagating	12	0
11:07:56.067716	7578212	Stop	Histogramming	15	0
11:07:56.067721	7578212	Start	Histogramming	16	0
11:07:56.067903	7578209	Stop	Propagating	10	0
11:07:56.067919	7578209	Start	Propagating	13	0
11:07:56.068015	7578215	Stop	Propagating	6	0
11:07:56.068025	7578215	Start	Propagating	14	0
11:07:56.068032	7578205	Stop	Propagating	5	0
11:07:56.068066	7578205	Start	Propagating	15	0
11:07:56.068681	7578204	Stop	Calibration[C]	15	13
11:07:56.068689	7578204	Start	Calibration[C]	16	1
11:07:56.071190	7578211	Stop	Generating	15	0
11:07:56.071216	7578211	Start	Generating	16	0
11:07:56.073182	7578208	Stop	Propagating	50	0
11:07:56.073190	7578208	Start	Propagating	49	0
11:07:56.077426	7578214	Stop	Propagating	7	0
11:07:56.077437	7578214	Start	Calibration[A]	1	13
11:07:56.077723	7578212	Stop	Histogramming	16	0
11:07:56.077727	7578212	Start	Histogramming	17	0
11:07:56.078691	7578204	Stop	Calibration[C]	16	1
11:07:56.078706	7578204	Start	Calibration[C]	17	1
11:07:56.081221	7578211	Stop	Generating	16	0
11:07:56.081232	7578211	Start	Generating	17	0
11:07:56.087440	7578214	Stop	Calibration[A]	1	13
11:07:56.087460	7578214	Start	Propagating	16	0
11:07:56.087729	7578212	Stop	Histogramming	17	0
11:07:56.087733	7578212	Start	Histogramming	18	0
11:07:56.088709	7578204	Stop	Calibration[C]	17	1
11:07:56.088719	7578204	Start	Calibration[C]	18	13
11:07:56.091238	7578211	Stop	Generating	17	0
11:07:56.091303	7578211	Start	Generating	18	0
11:07:56.097736	7578212	Stop	Histogramming	18	0
11:07:56.097742	7578212	Start	Histogramming	19	0
11:07:56.098724	7578204	Stop	Calibration[C]	18	13
11:07:56.098771	7578204	Start	Calibration[B]	3	13
11:07:56.101313	7578211	Stop	Generating	18	0
11:07:56.101333	7578211	Start	Generating	19	0
11:07:56.107745	7578212	Stop	Histogramming	19	0
11:07:56.107783	7578212	Start	Histogramming	20	0
11:07:56.109316	7578204	Stop	Calibration[B]	3	13
11:07:56.109348	7578204	Start	Calibration[B]	2	1
11:07:56.111336	7578211	Stop	Generating	19	0
11:07:56.111351	7578211	Start	Generating	20	0
11:07:56.117792	7578212	Stop	Histogramming	20	0
11:07:56.117847	7578212	Start	Histogramming	21	0
11:07:56.119360	7578204	Stop	Calibration[B]	2	1
11:07:56.119369	7578204	Start	Calibration[B]	5	1
11:07:56.121354	7578211	Stop	Generating	20	0
11:07:56.121359	7578211	Start	Generating	21	0
11:07:56.127856	7578212	Stop	Histogramming	21	0
11:07:56.127872	7578212	Start	Histogramming	22	0
11:07:56.129372	7578204	Stop	Calibration[B]	5	1
11:07:56.129379	7578204	Start	Calibration[B]	4	13
11:07:56.131361	7578211	Stop	Generating	21	0
11:07:56.131367	7578211	Start	Generating	22	0
11:07:56.137875	7578212	Stop	Histogramming	22	0
11:07:56.137895	7578212	Start	Histogramming	23	0
11:07:56.139384	7578204	Stop	Calibration[B]	4	13
11:07:56.139441	7578204	Start	Calibration[B]	7	13
11:07:56.141369	7578211	Stop	Generating	22	0
11:07:56.141377	7578211	Start	Generating	23	0
11:07:56.147898	7578212	Stop	Histogramming	23	0
11:07:56.147903	7578212	Start	Histogramming	24	0
11:07:56.149450	7578204	Stop	Calibration[B]	7	13
11:07:56.149462	7578204	Start	Calibration[B]	6	1
11:07:56.151378	7578211	Stop	Generating	23	0
11:07:56.151386	7578211	Start	Generating	24	0
11:07:56.157905	7578212	Stop	Histogramming	24	0
11:07:56.157909	7578212	Start	Histogramming	25	0
11:07:56.159465	7578204	Stop	Calibration[B]	6	1
11:07:56.159480	7578204	Start	Calibration[B]	9	1
11:07:56.161395	7578211	Stop	Generating	24	0
11:07:56.161467	7578211	Start	Generating	25	0
11:07:56.167913	7578212	Stop	Histogramming	25	0
11:07:56.167967	7578212	Start	Histogramming	26	0
11:07:56.169483	7578204	Stop	Calibration[B]	9	1
11:07:56.169510	7578204	Start	Calibration[B]	8	13
11:07:56.171479	7578211	Stop	Generating	25	0
11:07:56.171493	7578211	Start	Generating	26	0
11:07:56.178092	7578212	Stop	Histogramming	26	0
11:07:56.178155	7578212	Start	Histogramming	27	0
11:07:56.179516	7578204	Stop	Calibration[B]	8	13
11:07:56.179549	7578204	Start	Calibration[B]	11	13
11:07:56.181496	7578211	Stop	Generating	26	0
11:07:56.181513	7578211	Start	Generating	27	0
11:07:56.188163	7578212	Stop	Histogramming	27	0
11:07:56.188219	7578212	Start	Histogramming	28	0
11:07:56.189558	7578204	Stop	Calibration[B]	11	13
11:07:56.189569	7578204	Start	Calibration[B]	10	1
11:07:56.191516	7578211	Stop	Generating	27	0
11:07:56.191523	7578211	Start	Generating	28	0
11:07:56.198225	7578212	Stop	Histogramming	28	0
11:07:56.198234	7578212	Start	Histogramming	29	0
11:07:56.199573	7578204	Stop	Calibration[B]	10	1
11:07:56.199626	7578204	Start	Calibration[B]	13	1
11:07:56.201526	7578211	Stop	Generating	28	0
11:07:56.201533	7578211	Start	Generating	29	0
11:07:56.208236	7578212	Stop	Histogramming	29	0
11:07:56.208241	7578212	Start	Histogramming	30	0
11:07:56.209633	7578204	Stop	Calibration[B]	13	1
11:07:56.209643	7578204	Start	Calibration[B]	12	13
11:07:56.211535	7578211	Stop	Generating	29	0
11:07:56.211543	7578211	Start	Generating	30	0
11:07:56.217471	7578206	Stop	Propagating	8	0
11:07:56.217557	7578206	Start	Calibration[C]	19	1
11:07:56.217500	7578213	Stop	Propagating	9	0
11:07:56.217602	7578213	Start	Propagating	17	0
11:07:56.217644	7578207	Stop	Propagating	11	0
11:07:56.217685	7578207	Start	Propagating	18	0
11:07:56.217695	7578210	Stop	Propagating	12	0
11:07:56.217714	7578210	Start	Propagating	19	0
11:07:56.217922	7578209	Stop	Propagating	13	0
11:07:56.217932	7578209	Start	Propagating	20	0
11:07:56.218028	7578215	Stop	Propagating	14	0
11:07:56.218047	7578215	Start	Propagating	21	0
11:07:56.218072	7578205	Stop	Propagating	15	0
11:07:56.218081	7578205	Start	Propagating	22	0
11:07:56.218243	7578212	Stop	Histogramming	30	0
11:07:56.218307	7578212	Start	Histogramming	31	0
11:07:56.219727	7578204	Stop	Calibration[B]	12	13
11:07:56.219737	7578204	Start	Calibration[A]	2	13
11:07:56.221544	7578211	Stop	Generating	30	0
11:07:56.221553	7578211	Start	Generating	31	0
11:07:56.223194	7578208	Stop	Propagating	49	0
11:07:56.223203	7578208	Start	Propagating	48	0
11:07:56.227581	7578206	Stop	Calibration[C]	19	1
11:07:56.227598	7578206	Start	Calibration[B]	14	1
11:07:56.228324	7578212	Stop	Histogramming	31	0
11:07:56.228383	7578212	Start	Histogramming	32	0
11:07:56.229741	7578204	Stop	Calibration[A]	2	13
11:07:56.229773	7578204	Start	Calibration[B]	15	13
11:07:56.231555	7578211	Stop	Generating	31	0
11:07:56.231563	7578211	Start	Generating	32	0
11:07:56.237463	7578214	Stop	Propagating	16	0
11:07:56.237482	7578214	Start	Propagating	23	0
11:07:56.237600	7578206	Stop	Calibration[B]	14	1
11:07:56.237609	7578206	Start	Propagating	24	0
11:07:56.238393	7578212	Stop	Histogramming	32	0
11:07:56.238407	7578212	Start	Histogramming	33	0
11:07:56.239781	7578204	Stop	Calibration[B]	15	13
11:07:56.239818	7578204	Start	Calibration[B]	17	13
11:07:56.241565	7578211	Stop	Generating	32	0
11:07:56.241577	7578211	Start	Generating	33	0
11:07:56.248410	7578212	Stop	Histogramming	33	0
11:07:56.248417	7578212	Start	Histogramming	34	0
11:07:56.249828	7578204	Stop	Calibration[B]	17	13
11:07:56.249875	7578204	Start	Calibration[B]	16	1
11:07:56.251580	7578211	Stop	Generating	33	0
11:07:56.251586	7578211	Start	Generating	34	0
11:07:56.258420	7578212	Stop	Histogramming	34	0
11:07:56.258433	7578212	Start	Histogramming	35	0
11:07:56.259938	7578204	Stop	Calibration[B]	16	1
11:07:56.259947	7578204	Start	Calibration[B]	19	1
11:07:56.261589	7578211	Stop	Generating	34	0
11:07:56.261599	7578211	Start	Generating	35	0
11:07:56.269020	7578212	Stop	Histogramming	35	0
11:07:56.269027	7578212	Start	Histogramming	36	0
11:07:56.269964	7578204	Stop	Calibration[B]	19	1
11:07:56.269970	7578204	Start	Calibration[B]	18	13
11:07:56.271605	7578211	Stop	Generating	35	0
11:07:56.271663	7578211	Start	Generating	36	0
11:07:56.279973	7578204	Stop	Calibration[B]	18	13
11:07:56.279980	7578204	Start	Calibration[B]	21	13
11:07:56.280591	7578212	Stop	Histogramming	36	0
11:07:56.280641	7578212	Start	Histogramming	37	0
11:07:56.281671	7578211	Stop	Generating	36	0
11:07:56.281685	7578211	Start	Generating	37	0
11:07:56.289983	7578204	Stop	Calibration[B]	21	13
11:07:56.289989	7578204	Start	Calibration[B]	20	1
11:07:56.290649	7578212	Stop	Histogramming	37	0
11:07:56.290654	7578212	Start	Histogramming	38	0
11:07:56.291691	7578211	Stop	Generating	37	0
11:07:56.291758	7578211	Start	Generating	38	0
11:07:56.299991	7578204	Stop	Calibration[B]	20	1
11:07:56.299997	7578204	Start	Calibration[B]	23	1
11:07:56.300660	7578212	Stop	Histogramming	38	0
11:07:56.300722	7578212	Start	Histogramming	39	0
11:07:56.301768	7578211	Stop	Generating	38	0
11:07:56.301793	7578211	Start	Generating	39	0
11:07:56.310000	7578204	Stop	Calibration[B]	23	1
11:07:56.310006	7578204	Start	Calibration[B]	22	13
11:07:56.310731	7578212	Stop	Histogramming	39	0
11:07:56.310765	7578212	Start	Histogramming	40	0
11:07:56.311797	7578211	Stop	Generating	39	0
11:07:56.311818	7578211	Start	Generating	40	0
11:07:56.320008	7578204	Stop	Calibration[B]	22	13
11:07:56.320013	7578204	Start	Calibration[B]	25	13
11:07:56.320833	7578212	Stop	Histogramming	40	0
11:07:56.320848	7578212	Start	Histogramming	41	0
11:07:56.321823	7578211	Stop	Generating	40	0
11:07:56.321833	7578211	Start	Generating	41	0
11:07:56.330014	7578204	Stop	Calibration[B]	25	13
11:07:56.330021	7578204	Start	Calibration[B]	24	1
11:07:56.330854	7578212	Stop	Histogramming	41	0
11:07:56.330922	7578212	Start	Histogramming	42	0
11:07:56.331837	7578211	Stop	Generating	41	0
11:07:56.331851	7578211	Start	Generating	42	0
11:07:56.340023	7578204	Stop	Calibration[B]	24	1
11:07:56.340030	7578204	Start	Calibration[B]	27	1
11:07:56.340935	7578212	Stop	Histogramming	42	0
11:07:56.341000	7578212	Start	Histogramming	43	0
11:07:56.341854	7578211	Stop	Generating	42	0
11:07:56.341900	7578211	Start	Generating	43	0
11:07:56.350033	7578204	Stop	Calibration[B]	27	1
11:07:56.350822	7578204	Start	Calibration[B]	26	13
11:07:56.351009	7578212	Stop	Histogramming	43	0
11:07:56.351021	7578212	Start	Histogramming	44	0
11:07:56.351911	7578211	Stop	Generating	43	0
11:07:56.351920	7578211	Start	Generating	44	0
11:07:56.360824	7578204	Stop	Calibration[B]	26	13
11:07:56.360832	7578204	Start	Calibration[B]	29	13
11:07:56.361023	7578212	Stop	Histogramming	44	0
11:07:56.361033	7578212	Start	Histogramming	45	0
11:07:56.361925	7578211	Stop	Generating	44	0
11:07:56.361995	7578211	Start	Generating	45	0
11:07:56.367609	7578213	Stop	Propagating	17	0
11:07:56.367625	7578213	Start	Propagating	25	0
11:07:56.367689	7578207	Stop	Propagating	18	0
11:07:56.367714	7578207	Start	Calibration[B]	28	1
11:07:56.367717	7578210	Stop	Propagating	19	0
11:07:56.367736	7578210	Start	Propagating	26	0
11:07:56.368052	7578215	Stop	Propagating	21	0
11:07:56.368080	7578209	Stop	Propagating	20	0
11:07:56.368142	7578209	Start	Propagating	28	0
11:07:56.368121	7578215	Start	Propagating	27	0
11:07:56.368084	7578205	Stop	Propagating	22	0
11:07:56.369628	7578205	Start	Propagating	29	0
11:07:56.370834	7578204	Stop	Calibration[B]	29	13
11:07:56.370848	7578204	Start	Calibration[A]	3	13
11:07:56.371036	7578212	Stop	Histogramming	45	0
11:07:56.371068	7578212	Start	Histogramming	46	0
11:07:56.372014	7578211	Stop	Generating	45	0
11:07:56.372025	7578211	Start	Generating	46	0
11:07:56.373206	7578208	Stop	Propagating	48	0
11:07:56.373211	7578208	Start	Propagating	47	0
11:07:56.377719	7578207	Stop	Calibration[B]	28	1
11:07:56.377825	7578207	Start	Calibration[B]	30	1
11:07:56.380851	7578204	Stop	Calibration[A]	3	13
11:07:56.380857	7578204	Start	Calibration[B]	31	13
11:07:56.381074	7578212	Stop	Histogramming	46	0
11:07:56.381085	7578212	Start	Histogramming	47	0
11:07:56.382027	7578211	Stop	Generating	46	0
11:07:56.382031	7578211	Start	Generating	47	0
11:07:56.387486	7578214	Stop	Propagating	23	0
11:07:56.387501	7578214	Start	Propagating	30	0
11:07:56.387835	7578207	Stop	Calibration[B]	30	1
11:07:56.387847	7578207	Start	Calibration[C]	20	1
11:07:56.388078	7578206	Stop	Propagating	24	0
11:07:56.388159	7578206	Start	Propagating	31	0
11:07:56.390931	7578204	Stop	Calibration[B]	31	13
11:07:56.390965	7578204	Start	Calibration[A]	4	13
11:07:56.391087	7578212	Stop	Histogramming	47	0
11:07:56.391097	7578212	Start	Histogramming	48	0
11:07:56.392033	7578211	Stop	Generating	47	0
11:07:56.392038	7578211	Start	Generating	48	0
11:07:56.397954	7578207	Stop	Calibration[C]	20	1
11:07:56.398035	7578207	Start	Calibration[B]	32	1
11:07:56.400971	7578204	Stop	Calibration[A]	4	13
11:07:56.400983	7578204	Start	Calibration[B]	33	13
11:07:56.401099	7578212	Stop	Histogramming	48	0
11:07:56.401108	7578212	Start	Histogramming	49	0
11:07:56.402040	7578211	Stop	Generating	48	0
11:07:56.402077	7578211	Start	Generating	49	0
11:07:56.408045	7578207	Stop	Calibration[B]	32	1
11:07:56.408060	7578207	Start	Calibration[C]	21	1
11:07:56.410987	7578204	Stop	Calibration[B]	33	13
11:07:56.411059	7578204	Start	Propagating	32	0
11:07:56.411427	7578212	Stop	Histogramming	49	0
11:07:56.411440	7578212	Start	Histogramming	50	0
11:07:56.412083	7578211	Stop	Generating	49	0
11:07:56.412093	7578211	Start	Generating	50	0
11:07:56.418062	7578207	Stop	Calibration[C]	21	1
11:07:56.418070	7578207	Start	Calibration[C]	22	13
11:07:56.421446	7578212	Stop	Histogramming	50	0
11:07:56.421517	7578212	Start	Propagating	33	0
11:07:56.422095	7578211	Stop	Generating	50	0
11:07:56.422107	7578211	Start	Histo-generating	1	0
11:07:56.428072	7578207	Stop	Calibration[C]	22	13
11:07:56.428078	7578207	Start	Calibration[A]	6	13
11:07:56.432109	7578211	Stop	Histo-generating	1	0
11:07:56.432114	7578211	Start	Histo-generating	2	0
11:07:56.438081	7578207	Stop	Calibration[A]	6	13
11:07:56.438085	7578207	Start	Calibration[A]	5	1
11:07:56.442115	7578211	Stop	Histo-generating	2	0
11:07:56.442119	7578211	Start	Histo-generating	3	0
11:07:56.448090	7578207	Stop	Calibration[A]	5	1
11:07:56.448158	7578207	Start	Calibration[A]	8	1
11:07:56.452121	7578211	Stop	Histo-generating	3	0
11:07:56.452127	7578211	Start	Histo-generating	4	0
11:07:56.458170	7578207	Stop	Calibration[A]	8	1
11:07:56.458193	7578207	Start	Calibration[A]	7	13
11:07:56.462129	7578211	Stop	Histo-generating	4	0
11:07:56.462138	7578211	Start	Histo-generating	5	0
11:07:56.468197	7578207	Stop	Calibration[A]	7	13
11:07:56.468217	7578207	Start	Calibration[A]	10	13
11:07:56.472140	7578211	Stop	Histo-generating	5	0
11:07:56.472148	7578211	Start	Histo-generating	6	0
11:07:56.478220	7578207	Stop	Calibration[A]	10	13
11:07:56.478232	7578207	Start	Calibration[A]	9	1
11:07:56.483378	7578211	Stop	Histo-generating	6	0
11:07:56.483432	7578211	Start	Histo-generating	7	0
11:07:56.488235	7578207	Stop	Calibration[A]	9	1
11:07:56.488242	7578207	Start	Calibration[A]	12	1
11:07:56.493442	7578211	Stop	Histo-generating	7	0
11:07:56.493461	7578211	Start	Histo-generating	8	0
11:07:56.498247	7578207	Stop	Calibration[A]	12	1
11:07:56.498299	7578207	Start	Calibration[A]	11	13
11:07:56.503464	7578211	Stop	Histo-generating	8	0
11:07:56.503472	7578211	Start	Histo-generating	9	0
11:07:56.508308	7578207	Stop	Calibration[A]	11	13
11:07:56.508361	7578207	Start	Calibration[A]	14	13
11:07:56.513474	7578211	Stop	Histo-generating	9	0
11:07:56.513480	7578211	Start	Histo-generating	10	0
11:07:56.517628	7578213	Stop	Propagating	25	0
11:07:56.517647	7578213	Start	Propagating	34	0
11:07:56.517739	7578210	Stop	Propagating	26	0
11:07:56.517769	7578210	Start	Propagating	35	0
11:07:56.518150	7578209	Stop	Propagating	28	0
11:07:56.518203	7578209	Start	Propagating	36	0
11:07:56.518370	7578207	Stop	Calibration[A]	14	13
11:07:56.518379	7578207	Start	Calibration[A]	13	1
11:07:56.519644	7578205	Stop	Propagating	29	0
11:07:56.519670	7578205	Start	Calibration[B]	34	13
11:07:56.518176	7578215	Stop	Propagating	27	0
11:07:56.519743	7578215	Start	Propagating	37	0
11:07:56.523214	7578208	Stop	Propagating	47	0
11:07:56.523222	7578208	Start	Propagating	46	0
11:07:56.523482	7578211	Stop	Histo-generating	10	0
11:07:56.523492	7578211	Start	Histo-generating	11	0
11:07:56.528381	7578207	Stop	Calibration[A]	13	1
11:07:56.528391	7578207	Start	Propagating	38	0
11:07:56.529676	7578205	Stop	Calibration[B]	34	13
11:07:56.529742	7578205	Start	Calibration[C]	23	1
11:07:56.533495	7578211	Stop	Histo-generating	11	0
11:07:56.533553	7578211	Start	Histo-generating	12	0
11:07:56.537509	7578214	Stop	Propagating	30	0
11:07:56.537545	7578214	Start	Propagating	39	0
11:07:56.538191	7578206	Stop	Propagating	31	0
11:07:56.538207	7578206	Start	Propagating	40	0
11:07:56.539752	7578205	Stop	Calibration[C]	23	1
11:07:56.539780	7578205	Start	Calibration[C]	24	13
11:07:56.543563	7578211	Stop	Histo-generating	12	0
11:07:56.543572	7578211	Start	Histo-generating	13	0
11:07:56.549786	7578205	Stop	Calibration[C]	24	13
11:07:56.549800	7578205	Start	Calibration[B]	36	13
11:07:56.553574	7578211	Stop	Histo-generating	13	0
11:07:56.553582	7578211	Start	Histo-generating	14	0
11:07:56.559806	7578205	Stop	Calibration[B]	36	13
11:07:56.560540	7578205	Start	Calibration[B]	35	1
11:07:56.561071	7578204	Stop	Propagating	32	0
11:07:56.561085	7578204	Start	Calibration[A]	15	13
11:07:56.563650	7578211	Stop	Histo-generating	14	0
11:07:56.563663	7578211	Start	Histo-generating	15	0
11:07:56.570546	7578205	Stop	Calibration[B]	35	1
11:07:56.570608	7578205	Start	Calibration[A]	16	1
11:07:56.571087	7578204	Stop	Calibration[A]	15	13
11:07:56.571102	7578204	Start	Calibration[C]	25	13
11:07:56.571526	7578212	Stop	Propagating	33	0
11:07:56.571555	7578212	Start	Propagating	41	0
11:07:56.573666	7578211	Stop	Histo-generating	15	0
11:07:56.573671	7578211	Start	Histo-generating	16	0
11:07:56.580616	7578205	Stop	Calibration[A]	16	1
11:07:56.580622	7578205	Start	Calibration[B]	37	1
11:07:56.581104	7578204	Stop	Calibration[C]	25	13
11:07:56.581108	7578204	Start	Propagating	42	0
11:07:56.583716	7578211	Stop	Histo-generating	16	0
11:07:56.583802	7578211	Start	Histo-generating	17	0
11:07:56.590625	7578205	Stop	Calibration[B]	37	1
11:07:56.590632	7578205	Start	Calibration[B]	39	1
11:07:56.593827	7578211	Stop	Histo-generating	17	0
11:07:56.593836	7578211	Start	Histo-generating	18	0
11:07:56.600638	7578205	Stop	Calibration[B]	39	1
11:07:56.600692	7578205	Start	Calibration[B]	38	13
11:07:56.603838	7578211	Stop	Histo-generating	18	0
11:07:56.603844	7578211	Start	Histo-generating	19	0
11:07:56.610701	7578205	Stop	Calibration[B]	38	13
11:07:56.610710	7578205	Start	Calibration[B]	41	13
11:07:56.613846	7578211	Stop	Histo-generating	19	0
11:07:56.613853	7578211	Start	Histo-generating	20	0
11:07:56.620713	7578205	Stop	Calibration[B]	41	13
11:07:56.620719	7578205	Start	Calibration[B]	40	1
11:07:56.623855	7578211	Stop	Histo-generating	20	0
11:07:56.623858	7578211	Start	Histo-generating	21	0
11:07:56.630721	7578205	Stop	Calibration[B]	40	1
11:07:56.630728	7578205	Start	Calibration[B]	43	1
11:07:56.633860	7578211	Stop	Histo-generating	21	0
11:07:56.633864	7578211	Start	Histo-generating	22	0
11:07:56.640731	7578205	Stop	Calibration[B]	43	1
11:07:56.640752	7578205	Start	Calibration[B]	42	13
11:07:56.643866	7578211	Stop	Histo-generating	22	0
11:07:56.643885	7578211	Start	Histo-generating	23	0
11:07:56.650755	7578205	Stop	Calibration[B]	42	13
11:07:56.650764	7578205	Start	Calibration[B]	45	13
11:07:56.656748	7578211	Stop	Histo-generating	23	0
11:07:56.656832	7578211	Start	Histo-generating	24	0
11:07:56.660768	7578205	Stop	Calibration[B]	45	13
11:07:56.660803	7578205	Start	Calibration[B]	44	1
11:07:56.666844	7578211	Stop	Histo-generating	24	0
11:07:56.666876	7578211	Start	Histo-generating	25	0
11:07:56.667651	7578213	Stop	Propagating	34	0
11:07:56.667662	7578213	Start	Propagating	43	0
11:07:56.667772	7578210	Stop	Propagating	35	0
11:07:56.667782	7578210	Start	Propagating	44	0
11:07:56.668213	7578209	Stop	Propagating	36	0
11:07:56.668232	7578209	Start	Propagating	45	0
11:07:56.669746	7578215	Stop	Propagating	37	0
11:07:56.669776	7578215	Start	Calibration[A]	17	13
11:07:56.670809	7578205	Stop	Calibration[B]	44	1
11:07:56.670819	7578205	Start	Calibration[A]	18	1
11:07:56.673226	7578208	Stop	Propagating	46	0
11:07:56.676882	7578211	Stop	Histo-generating	25	0
11:07:56.676893	7578211	Start	Histo-generating	26	0
11:07:56.678394	7578207	Stop	Propagating	38	0
11:07:56.679780	7578215	Stop	Calibration[A]	17	13
11:07:56.679798	7578215	Start	Calibration[B]	46	13
11:07:56.680821	7578205	Stop	Calibration[A]	18	1
11:07:56.680834	7578205	Start	Calibration[C]	26	1
11:07:56.686895	7578211	Stop	Histo-generating	26	0
11:07:56.686905	7578211	Start	Histo-generating	27	0
11:07:56.687552	7578214	Stop	Propagating	39	0
11:07:56.688210	7578206	Stop	Propagating	40	0
11:07:56.689801	7578215	Stop	Calibration[B]	46	13
11:07:56.689810	7578215	Start	Calibration[A]	19	13
11:07:56.690837	7578205	Stop	Calibration[C]	26	1
11:07:56.690851	7578205	Start	Calibration[B]	47	1
11:07:56.696907	7578211	Stop	Histo-generating	27	0
11:07:56.696915	7578211	Start	Histo-generating	28	0
11:07:56.699813	7578215	Stop	Calibration[A]	19	13
11:07:56.699821	7578215	Start	Calibration[C]	27	13
11:07:56.700853	7578205	Stop	Calibration[B]	47	1
11:07:56.700866	7578205	Start	Calibration[A]	20	1
11:07:56.706918	7578211	Stop	Histo-generating	28	0
11:07:56.706947	7578211	Start	Histo-generating	29	0
11:07:56.709824	7578215	Stop	Calibration[C]	27	13
11:07:56.709841	7578215	Start	Calibration[B]	48	13
11:07:56.710868	7578205	Stop	Calibration[A]	20	1
11:07:56.710880	7578205	Start	Calibration[C]	28	1
11:07:56.716951	7578211	Stop	Histo-generating	29	0
11:07:56.716972	7578211	Start	Histo-generating	30	0
11:07:56.719843	7578215	Stop	Calibration[B]	48	13
11:07:56.719854	7578215	Start	Calibration[A]	21	13
11:07:56.720882	7578205	Stop	Calibration[C]	28	1
11:07:56.720896	7578205	Start	Calibration[B]	49	1
11:07:56.721559	7578212	Stop	Propagating	41	0
11:07:56.726975	7578211	Stop	Histo-generating	30	0
11:07:56.726985	7578211	Start	Histo-generating	31	0
11:07:56.729856	7578215	Stop	Calibration[A]	21	13
11:07:56.729873	7578215	Start	Calibration[C]	29	13
11:07:56.730897	7578205	Stop	Calibration[B]	49	1
11:07:56.730906	7578205	Start	Calibration[A]	22	1
11:07:56.731111	7578204	Stop	Propagating	42	0
11:07:56.736988	7578211	Stop	Histo-generating	31	0
11:07:56.737006	7578211	Start	Histo-generating	32	0
11:07:56.739876	7578215	Stop	Calibration[C]	29	13
11:07:56.739890	7578215	Start	Calibration[B]	50	13
11:07:56.740908	7578205	Stop	Calibration[A]	22	1
11:07:56.740921	7578205	Start	Calibration[C]	30	1
11:07:56.747009	7578211	Stop	Histo-generating	32	0
11:07:56.747020	7578211	Start	Histo-generating	33	0
11:07:56.749893	7578215	Stop	Calibration[B]	50	13
11:07:56.749909	7578215	Start	Calibration[A]	23	13
11:07:56.750923	7578205	Stop	Calibration[C]	30	1
11:07:56.750933	7578205	Start	Calibration[C]	31	1
11:07:56.757023	7578211	Stop	Histo-generating	33	0
11:07:56.757038	7578211	Start	Histo-generating	34	0
11:07:56.759915	7578215	Stop	Calibration[A]	23	13
11:07:56.759931	7578215	Start	Calibration[A]	24	13
11:07:56.760936	7578205	Stop	Calibration[C]	31	1
11:07:56.760949	7578205	Start	Calibration[C]	32	1
11:07:56.767040	7578211	Stop	Histo-generating	34	0
11:07:56.767054	7578211	Start	Histo-generating	35	0
11:07:56.769938	7578215	Stop	Calibration[A]	24	13
11:07:56.769959	7578215	Start	Calibration[A]	25	13
11:07:56.770952	7578205	Stop	Calibration[C]	32	1
11:07:56.770964	7578205	Start	Calibration[C]	33	1
11:07:56.777057	7578211	Stop	Histo-generating	35	0
11:07:56.777070	7578211	Start	Histo-generating	36	0
11:07:56.779962	7578215	Stop	Calibration[A]	25	13
11:07:56.779976	7578215	Start	Calibration[A]	26	13
11:07:56.780967	7578205	Stop	Calibration[C]	33	1
11:07:56.780983	7578205	Start	Calibration[C]	34	1
11:07:56.787072	7578211	Stop	Histo-generating	36	0
11:07:56.787083	7578211	Start	Histo-generating	37	0
11:07:56.789980	7578215	Stop	Calibration[A]	26	13
11:07:56.789990	7578215	Start	Calibration[A]	27	13
11:07:56.790985	7578205	Stop	Calibration[C]	34	1
11:07:56.790999	7578205	Start	Calibration[C]	35	1
11:07:56.797087	7578211	Stop	Histo-generating	37	0
11:07:56.797098	7578211	Start	Histo-generating	38	0
11:07:56.799993	7578215	Stop	Calibration[A]	27	13
11:07:56.800006	7578215	Start	Calibration[A]	28	13
11:07:56.801016	7578205	Stop	Calibration[C]	35	1
11:07:56.801028	7578205	Start	Calibration[C]	36	1
11:07:56.807100	7578211	Stop	Histo-generating	38	0
11:07:56.807123	7578211	Start	Histo-generating	39	0
11:07:56.810008	7578215	Stop	Calibration[A]	28	13
11:07:56.810021	7578215	Start	Calibration[A]	29	13
11:07:56.811031	7578205	Stop	Calibration[C]	36	1
11:07:56.811041	7578205	Start	Calibration[C]	37	1
11:07:56.817126	7578211	Stop	Histo-generating	39	0
11:07:56.817144	7578211	Start	Histo-generating	40	0
11:07:56.817665	7578213	Stop	Propagating	43	0
11:07:56.817785	7578210	Stop	Propagating	44	0
11:07:56.818248	7578209	Stop	Propagating	45	0
11:07:56.820024	7578215	Stop	Calibration[A]	29	13
11:07:56.820036	7578215	Start	Calibration[A]	30	13
11:07:56.821043	7578205	Stop	Calibration[C]	37	1
11:07:56.821054	7578205	Start	Calibration[C]	38	1
11:07:56.827147	7578211	Stop	Histo-generating	40	0
11:07:56.827162	7578211	Start	Histo-generating	41	0
11:07:56.830038	7578215	Stop	Calibration[A]	30	13
11:07:56.830049	7578215	Start	Calibration[A]	31	13
11:07:56.831056	7578205	Stop	Calibration[C]	38	1
11:07:56.831070	7578205	Start	Calibration[C]	39	1
11:07:56.837165	7578211	Stop	Histo-generating	41	0
11:07:56.837179	7578211	Start	Histo-generating	42	0
11:07:56.840052	7578215	Stop	Calibration[A]	31	13
11:07:56.840062	7578215	Start	Calibration[A]	32	13
11:07:56.841073	7578205	Stop	Calibration[C]	39	1
11:07:56.841093	7578205	Start	Calibration[C]	40	1
11:07:56.847182	7578211	Stop	Histo-generating	42	0
11:07:56.847193	7578211	Start	Histo-generating	43	0
11:07:56.850064	7578215	Stop	Calibration[A]	32	13
11:07:56.850083	7578215	Start	Calibration[A]	33	13
11:07:56.851096	7578205	Stop	Calibration[C]	40	1
11:07:56.851112	7578205	Start	Calibration[C]	41	1
11:07:56.857196	7578211	Stop	Histo-generating	43	0
11:07:56.857218	7578211	Start	Histo-generating	44	0
11:07:56.860090	7578215	Stop	Calibration[A]	33	13
11:07:56.860104	7578215	Start	Calibration[A]	34	13
11:07:56.861115	7578205	Stop	Calibration[C]	41	1
11:07:56.861129	7578205	Start	Calibration[C]	42	1
11:07:56.867225	7578211	Stop	Histo-generating	44	0
11:07:56.867241	7578211	Start	Histo-generating	45	0
11:07:56.870106	7578215	Stop	Calibration[A]	34	13
11:07:56.870119	7578215	Start	Calibration[A]	35	13
11:07:56.871131	7578205	Stop	Calibration[C]	42	1
11:07:56.871140	7578204	Start	Calibration[C]	43	1
11:07:56.877245	7578211	Stop	Histo-generating	45	0
11:07:56.877252	7578211	Start	Histo-generating	46	0
11:07:56.880121	7578215	Stop	Calibration[A]	35	13
11:07:56.880133	7578215	Start	Calibration[A]	36	13
11:07:56.881150	7578204	Stop	Calibration[C]	43	1
11:07:56.881166	7578204	Start	Calibration[C]	44	1
11:07:56.887255	7578211	Stop	Histo-generating	46	0
11:07:56.887269	7578211	Start	Histo-generating	47	0
11:07:56.890135	7578215	Stop	Calibration[A]	36	13
11:07:56.890149	7578215	Start	Calibration[A]	37	13
11:07:56.891170	7578204	Stop	Calibration[C]	44	1
11:07:56.891183	7578204	Start	Calibration[C]	45	1
11:07:56.897272	7578211	Stop	Histo-generating	47	0
11:07:56.897284	7578211	Start	Histo-generating	48	0
11:07:56.900153	7578215	Stop	Calibration[A]	37	13
11:07:56.900164	7578215	Start	Calibration[A]	38	13
11:07:56.901186	7578204	Stop	Calibration[C]	45	1
11:07:56.901198	7578204	Start	Calibration[C]	46	1
11:07:56.907287	7578211	Stop	Histo-generating	48	0
11:07:56.907299	7578211	Start	Histo-generating	49	0
11:07:56.910167	7578215	Stop	Calibration[A]	38	13
11:07:56.910179	7578215	Start	Calibration[A]	39	13
11:07:56.911200	7578204	Stop	Calibration[C]	46	1
11:07:56.911212	7578204	Start	Calibration[C]	47	1
11:07:56.917303	7578211	Stop	Histo-generating	49	0
11:07:56.917311	7578211	Start	Histo-generating	50	0
11:07:56.920181	7578215	Stop	Calibration[A]	39	13
11:07:56.920193	7578215	Start	Calibration[A]	40	13
11:07:56.921215	7578204	Stop	Calibration[C]	47	1
11:07:56.921228	7578204	Start	Calibration[C]	48	1
11:07:56.927313	7578211	Stop	Histo-generating	50	0
11:07:56.930196	7578215	Stop	Calibration[A]	40	13
11:07:56.930216	7578215	Start	Calibration[A]	41	13
11:07:56.931251	7578204	Stop	Calibration[C]	48	1
11:07:56.931264	7578204	Start	Calibration[C]	49	1
11:07:56.940222	7578215	Stop	Calibration[A]	41	13
11:07:56.940232	7578215	Start	Calibration[A]	42	13
11:07:56.941266	7578204	Stop	Calibration[C]	49	1
11:07:56.941274	7578204	Start	Calibration[C]	50	1
11:07:56.950239	7578215	Stop	Calibration[A]	42	13
11:07:56.950248	7578215	Start	Calibration[A]	43	13
11:07:56.951277	7578204	Stop	Calibration[C]	50	1
11:07:56.951289	7578204	Start	Calibration[A]	44	1
11:07:56.960251	7578215	Stop	Calibration[A]	43	13
11:07:56.960259	7578215	Start	Calibration[A]	45	13
11:07:56.961292	7578204	Stop	Calibration[A]	44	1
11:07:56.961310	7578204	Start	Calibration[A]	46	1
11:07:56.970261	7578215	Stop	Calibration[A]	45	13
11:07:56.970274	7578215	Start	Calibration[A]	47	13
11:07:56.971313	7578204	Stop	Calibration[A]	46	1
11:07:56.971327	7578204	Start	Calibration[A]	48	1
11:07:56.980278	7578215	Stop	Calibration[A]	47	13
11:07:56.980291	7578215	Start	Calibration[A]	49	13
11:07:56.981330	7578204	Stop	Calibration[A]	48	1
11:07:56.981345	7578204	Start	Calibration[A]	50	1
11:07:56.990294	7578215	Stop	Calibration[A]	49	13
11:07:56.991348	7578204	Stop	Calibration[A]	50	1
